{
    "plugins": {
        "login": {
            "js": "<script>\n\ngigyaPlugins={};\ngigyaPlugins.login = function() {\nvar params = {\n\"screenSet\": \"Default-RegistrationLogin\",\n\"mobileScreenSet\": \"DefaultMobile-RegistrationLogin\"\n};\ngigya.accounts.showScreenSet(params);\n};\ngigyaPlugins.logout = function() {\ngigya.accounts.logout();\n};\ngigyaPlugins.register = function() {\nvar params = {\n\"screenSet\": \"Default-RegistrationLogin\",\n\"mobileScreenSet\": \"DefaultMobile-RegistrationLogin\",\n\"startScreen\": \"gigya-register-screen\"\n};\ngigya.accounts.showScreenSet(params);\n};\ngigyaPlugins.editProfile = function() {\nvar params = {\n\"screenSet\": \"Default-ProfileUpdate\",\n\"mobileScreenSet\": \"DefaultMobile-ProfileUpdate\"\n};\ngigya.accounts.showScreenSet(params);\n};\n</script>",
            "link": "http://developers.gigya.com/display/GD/Registration-as-a-Service",
            "name": "Registration-as-a-Service"
        },        
        "followbar": {
            "js": "<script>\n(function(){\n// Define the Follow Bar add-on's params object\nvar followBarParams = {\ncontainerID: 'FollowBar',\niconSize: 42,\nbuttons: [\n{provider: 'facebook',\nactionURL: 'https://www.facebook.com/gigya',\naction: 'dialog',\niconURL: 'images/follow_bar/Facebook_on_follow.png'\n},\n{provider: 'twitter',\nfollowUsers: 'gigya, gigyaDev',\naction: 'dialog',\niconURL: 'images/follow_bar/Twitter_on_follow.png'\n},\n{provider: 'googleplus',\naction: 'dialog',\niconURL: 'images/follow_bar/Google+_on_follow.png'\n},\n{    provider: 'rss',\n            actionURL: 'http://blog.gigya.com/',\n            action: 'window',\n            title: 'Subscribe via RSS',\n            iconURL: 'images/follow_bar/Rss_hover_follow.png'\n          },\n{    provider: 'linkedin',\n            actionURL: 'http://www.linkedin.com/company/gigya',\n            action: 'window',\n            title: 'Gigya on Linkedin',\n            iconURL: 'images/follow_bar/Linkedin_hover_follow.png'\n          }\n]\n      };\n      // Load the Follow Bar add-on:\n      gigya.socialize.showFollowBarUI(followBarParams);\n    }());\n</script>\n",
            "link": "http://developers.gigya.com/display/GD/Follow+Bar",
            "name": "Follow Bar"
        },
        "gm": {
            "js": "<script>\nvar userStatusUA = new gigya.socialize.UserAction();\nuserStatusUA.setTitle('$levelTitle');\nuserStatusUA.setDescription('Challenge title: $challengeTitle  level title: $levelTitle | challange description: $challengeDescription  level Description: $levelDescription');\nuserStatusUA.addImage('$badgeURL');\nvar userStatusParams = {\ncontainerID: 'divUserStatus',\nuserAction: userStatusUA,\nshareParams: {\nshowEmailButton: true\n},\nwidth: 293\n}\nvar achievmentsParams = {\ncontainerID: 'divAchiements',\nwidth: 293\n}\nvar leaderboardParams = {\ncontainerID: 'divLeaderboard',\nperiod: 'all',\nwidth: 293\n}\ngigya.gm.showNotifications({debugMode: false});\ngigya.gm.showUserStatusUI(userStatusParams);\ngigya.gm.showAchievementsUI(achievmentsParams);\ngigya.gm.showLeaderboardUI(leaderboardParams);\n</script>\n",
            "link": "http://developers.gigya.com/display/GD/Game+Mechanics",
            "name": "Loyalty"
        },
        "reactions": {
            "js": "<script>\nvar textReactions = [\n{text: 'Recommend', ID: 'recommend', iconImgUp: 'images/reactions/Recommend.png', iconImgOver: 'images/reactions/Recommend_hover.png', tooltip: 'I recommend this recipe', feedMessage: 'I recommend this recipe!', headerText: 'You recommend this recipe,'}\n,\n{text: 'Dislike', ID: 'dislike', iconImgUp: 'images/reactions/Dislike.png', iconImgOver: 'images/reactions/Dislike_hover.png', tooltip: 'I dislike this recipe', feedMessage: 'I dislike this recipe!', headerText: 'You dislike this recipe,'}\n,\n{text: 'Delicious', ID: 'Delicious', iconImgUp: 'images/reactions/Delicious.png', iconImgOver: 'images/reactions/Delicious_hover.png', tooltip: 'This recipe is delicious', feedMessage: 'Delicious', headerText: 'You think this recipe is delicious,'}\n,\n{text: 'Yuck', ID: 'yuck', iconImgUp: 'images/reactions/Yuck.png', iconImgOver: 'images/reactions/Yuck_hover.png', tooltip: 'This recipe is yucky', feedMessage: 'Yuck!', headerText: 'You think this recipe is yuck,'}\n,\n{text: 'Innovative', ID: 'innovative', iconImgUp: 'images/reactions/Innovatice.png', iconImgOver: 'images/reactions/Innovatice_hover.png', tooltip: 'This recipe is innovative', userMessage: 'I think this recipe is innovative', headerText: 'You think this recipe is innovative,'}\n];\n      // Define the Reactions add-on's params object\n      var reactionParams = {\n        barID: 'recipe1', //  Identifier of the content to which this reaction refers\n        containerID: 'reactionsDiv',  // Reactions Plugin DIV Container\n        reactions: textReactions,  // The reaction array from Step 1\n        userAction: defaultUserAction,  // The UserAction object from Step 2\n        bodyText: 'Share it with your friends:', // optional - text that appears in the Share popup\n        showCounts: 'right', // optional - displays the counters on top of the buttons\n        scope: 'both',\n        privacy: 'public',\n        showAlwaysShare: 'unchecked'\n      };      gigya.socialize.showReactionsBarUI(reactionParams);\n\n</script>\n",
            "link": "http://developers.gigya.com/display/GD/Reactions",
            "name": "Reactions"
        },
		"reactions2": {
            "js": "<script>\n// Adding Reactions add-on\n// Define reactions array\n var textReactions=[\n {text: 'Must read',\n ID: 'mustread', \n iconImgUp:'http://cdn.gigya.com/gs/i/reactions/icons/MustRead_Icon_Up.png',\n iconImgOver:'http://cdn.gigya.com/gs/i/reactions/icons/MustRead_Icon_Down.png',\n tooltip:'Must read this page',\n feedMessage: 'Must read this!',\n headerText:'You think this page must be read,'\n },\n {text: 'Inspiring',\n ID: 'inspiring',\n iconImgUp:'http://cdn.gigya.com/gs/i/reactions/icons/Inspiring_Icon_Up.png',\n iconImgOver:'http://cdn.gigya.com/gs/i/reactions/icons/Inspiring_Icon_Down.png',\n tooltip:'This demo is inspiring',\n feedMessage: 'Inspiring!',\n headerText:'You think this demo is inspiring',\n},\n {text: 'Dislike',\n ID: 'dislike',\n iconImgUp:'http://cdn.gigya.com/gs/i/reactions/icons/Dislike_Icon_Up.png',\n iconImgOver:'http://cdn.gigya.com/gs/i/reactions/icons/Dislike_Icon_Down.png',\n tooltip:'I dislike this demo',\n feedMessage: 'I dislike this demo!',\n headerText:'You dislike this demo',\n}\n ,{text: 'Aged',\n ID: 'aged',\n iconImgUp:'http://cdn.gigya.com/gs/i/reactions/icons/Aged_Icon_Up.png',\n iconImgOver:'http://cdn.gigya.com/gs/i/reactions/icons/Aged_Icon_Down.png',\n tooltip:'This demo is aged',\n feedMessage: 'Aged',\n headerText:'You think this demo is aged',\n}];\n //Define the Reactions add-on's params object \n var reactionParams ={\n barID: 'about', // Identifier of the content to which this reaction refers \n containerID: 'reactionsDiv', // Reactions Plugin DIV Container \n reactions: textReactions, // The reaction array defiened above \n userAction: defaultUserAction, // The UserAction object defiened above \n bodyText: 'Share it with your friends:', // optional - text that appears in the Share popup \n showCounts: 'right', // optional - displays the counters on the right side of the buttons \n scope:'both',\n privacy:'public',\n cid:'',\n showAlwaysShare: 'unchecked'\n};\n // Load the Reactions add-on:\n gigya.socialize.showReactionsBarUI(reactionParams);\n</script>\n",
            "link": "http://developers.gigya.com/display/GD/Reactions",
            "name": "Reactions"
        },
        "rNr": {
            "js": "<script>\nvar params = {\ncontainerID: 'ratings',\nstreamID: 'home',\ncategoryID: 'demositeReview',\nlinkedCommentsUI: 'reviews'\n}\ngigya.comments.showRatingUI(params);\n</script>\n<script>\nvar commentsParams = {\ncategoryID: 'demositeReview',\ncontainerID: 'reviews',\nstreamID: 'home',\nscope: 'both',\nprivacy: 'public',\nversion: 2,\ndeviceType: 'auto'\n};\ngigya.comments.showCommentsUI(commentsParams);\n</script>\n",
            "link": "http://developers.gigya.com/display/GD/Ratings+and+Reviews",
            "name": "Ratings and Reviews"
        },
        "ShareBar": {
            "js": "<script>\n// Define share buttons\nvar shareButtons = [\n{\n  'provider': 'Facebook',\n'iconImgUp': 'images/share_bar/Facebook.png'\n},\n{\n  'provider': 'Twitter',\n'iconImgUp': 'images/share_bar/Twitter.png'\n},\n{\n  'provider': 'Googleplus',\n'iconImgUp': 'images/share_bar/Google_Plus.png'\n},\n{\n  'provider': 'LinkedIn',\n'iconImgUp': 'images/share_bar/LinkedIn.png'\n},\n{\n  'provider': 'Messenger',\n'iconImgUp': 'images/share_bar/Messenger.png'\n},\n{\n  'provider': 'digg',\n'iconImgUp': 'images/share_bar/Digg.png'\n},\n{\n'provider': 'share',\n'iconImgUp': 'images/share_bar/more_share.png'\n}\n ];\n// Define the Share Bar add-on's params object\nvar shareParams = {\nuserAction: defaultUserAction,\nshowCounts: 'none',\ncontainerID: 'shareButtons',\nscope: 'both',\nprivacy: 'public',\niconsOnly: 'true',\nuseEmailCaptcha: 'true', // Use a CAPTCHA mechanism when sending emails\nshareButtons:shareButtons // list of providers    \n};\n// Load the Share Bar add-on:\ngigya.socialize.showShareBarUI(shareParams);\n</script>\n",
            "link": "http://developers.gigya.com/display/GD/Share+Bar",
            "name": "Share Bar"
        },
        "comments": {
            "js": "<script>\nvar commentsParams = {\ncategoryID: '23137007',\ncontainerID: 'commentsDiv',\nstreamID: 'recipe1',\nscope: 'both',\nprivacy: 'public',\nversion: 2,\ndeviceType: 'auto'\n};\ngigya.comments.showCommentsUI(commentsParams);\n</script>\n",
            "link": "http://developers.gigya.com/display/GD/Comments",
            "name": "Comments"
        },
        "activityFeed": {
            "js": "<script>\ngigya.socialize.showFeedUI({containerID: 'ActivityFeed', width: 293, height: 271}); \n\n</script>",
            "link": "http://developers.gigya.com/display/GD/Activity+Feed",
            "name": "Activity Feed"
        }
    }
}
